Timestamp,RPM,CylinderPressure,BurnRate,Vibration,EGOVoltage,TempSensor
2025-04-01 00:00:00,2968.5713,18.294514,4.8462205,0.013031135,0.44917288,95.453926
2025-04-01 01:00:00,3101.0815,18.24161,4.872312,0.012076649,0.44900453,95.31037
2025-04-01 02:00:00,3229.2705,18.187214,4.905254,0.009156637,0.44943812,95.13553
2025-04-01 03:00:00,3337.7942,18.15943,4.9422226,0.0061320597,0.45013988,94.97915
2025-04-01 04:00:00,3414.6821,18.171244,4.9810705,0.005010613,0.4506599,94.87862
2025-04-01 05:00:00,3456.3828,18.21422,5.023191,0.0076102526,0.4504536,94.86408
2025-04-01 06:00:00,3464.5376,18.26066,5.0645,0.014227285,0.4492318,94.937836
2025-04-01 07:00:00,3441.8735,18.25566,5.070717,0.01964657,0.4479965,95.03495
2025-04-01 08:00:00,3384.9727,18.186798,5.0165586,0.019251447,0.44793108,95.14987
2025-04-01 09:00:00,3291.0981,18.081,4.9171643,0.012850389,0.44920784,95.287025
2025-04-01 10:00:00,3185.669,18.01879,4.8398666,0.00631314,0.450588,95.41016
2025-04-01 11:00:00,3076.8865,18.039946,4.803012,0.0036467162,0.45133314,95.53381
2025-04-01 12:00:00,2961.2788,18.130972,4.7938056,0.0047833323,0.45145604,95.6513
2025-04-01 13:00:00,2840.204,18.256546,4.8011265,0.008340679,0.4511518,95.73574
2025-04-01 14:00:00,2698.837,18.386652,4.816326,0.013055512,0.45057163,95.762
2025-04-01 15:00:00,2610.1965,18.443794,4.8237777,0.01542737,0.45024538,95.72927
2025-04-01 16:00:00,2536.0525,18.46413,4.824672,0.015967486,0.45018834,95.67066
2025-04-01 17:00:00,2491.5352,18.442799,4.8146133,0.013814226,0.45056978,95.61599
2025-04-01 18:00:00,2481.367,18.400827,4.7978315,0.009867982,0.4512763,95.59057
2025-04-01 19:00:00,2500.027,18.371353,4.7866173,0.0067169447,0.4518918,95.59863
2025-04-01 20:00:00,2542.8684,18.35655,4.784574,0.0055175037,0.45211536,95.6169
2025-04-01 21:00:00,2614.103,18.3469,4.7910542,0.0063751535,0.45179558,95.62118
2025-04-01 22:00:00,2717.9165,18.337717,4.805403,0.008878529,0.45094603,95.597786
2025-04-01 23:00:00,2845.0781,18.321547,4.825271,0.011667382,0.4498973,95.54091
2025-04-02 00:00:00,2978.4836,18.287148,4.847856,0.012968597,0.44916087,95.44334
2025-04-02 01:00:00,3111.9897,18.234512,4.874964,0.011824229,0.44905412,95.29611
2025-04-02 02:00:00,3239.769,18.182863,4.908711,0.008821929,0.44952944,95.121185
2025-04-02 03:00:00,3346.224,18.159538,4.9460034,0.0058884174,0.45023438,94.96849
2025-04-02 04:00:00,3419.8008,18.175104,4.9847794,0.0050208927,0.45071015,94.87489
2025-04-02 05:00:00,3458.4004,18.220001,5.027132,0.00801773,0.4504117,94.86926
2025-04-02 06:00:00,3463.4607,18.263702,5.066686,0.014796332,0.44912836,94.94859
2025-04-02 07:00:00,3437.388,18.251766,5.0672407,0.019782666,0.44796425,95.04724
2025-04-02 08:00:00,3375.363,18.175943,5.0055847,0.018632883,0.44806102,95.167244
2025-04-02 09:00:00,3278.2832,18.07051,4.9054003,0.011886648,0.44941276,95.30367
2025-04-02 10:00:00,3172.1504,18.018095,4.8333726,0.0057596434,0.45072284,95.42606
2025-04-02 11:00:00,3062.1868,18.049429,4.800648,0.0036348144,0.45137817,95.55005
2025-04-02 12:00:00,2944.8374,18.147764,4.7941504,0.0051936964,0.4514305,95.66516
2025-04-02 13:00:00,2816.8403,18.280304,4.8034906,0.009127848,0.45106313,95.745384
2025-04-02 14:00:00,2696.9888,18.388323,4.8164005,0.013158073,0.45055646,95.76006
2025-04-02 15:00:00,2604.4778,18.44614,4.8239207,0.015534153,0.4502282,95.7242
2025-04-02 16:00:00,2531.2056,18.462955,4.823955,0.01584861,0.45020634,95.66409
2025-04-02 17:00:00,2489.4856,18.43773,4.812597,0.013378937,0.45064205,95.61109
2025-04-02 18:00:00,2482.9739,18.396011,4.795937,0.00940047,0.45136088,95.59003
2025-04-02 19:00:00,2504.6113,18.368746,4.785836,0.0064573456,0.451942,95.60083
2025-04-02 20:00:00,2550.6584,18.355003,4.7849154,0.0055173365,0.45210406,95.61845
2025-04-02 21:00:00,2626.0415,18.345602,4.792479,0.006624258,0.45171103,95.619705
2025-04-02 22:00:00,2733.9907,18.336126,4.8078012,0.00926683,0.45080927,95.592224
2025-04-02 23:00:00,2863.0515,18.318125,4.8281937,0.011956271,0.44977313,95.530426
2025-04-03 00:00:00,2996.528,18.280949,4.851185,0.012957983,0.4491105,95.42654
2025-04-03 01:00:00,3129.0671,18.22721,4.8789997,0.011503403,0.44909173,95.27414
2025-04-03 02:00:00,3255.0657,18.177843,4.9134336,0.0083900755,0.4496197,95.09936
2025-04-03 03:00:00,3357.31,18.159483,4.9507856,0.005628556,0.45031855,94.95307
2025-04-03 04:00:00,3426.4382,18.179438,4.9897475,0.005143179,0.45072907,94.86899
2025-04-03 05:00:00,3460.736,18.226557,5.0326056,0.008709565,0.45029896,94.87559
2025-04-03 06:00:00,3461.8618,18.265963,5.0695405,0.015625075,0.44895157,94.96079
2025-04-03 07:00:00,3431.919,18.245686,5.0631104,0.020003626,0.4478971,95.06016
2025-04-03 08:00:00,3364.7507,18.16308,4.9938016,0.017996313,0.44818413,95.184555
2025-04-03 09:00:00,3265.2134,18.05979,4.8940525,0.010962596,0.44960278,95.319435
2025-04-03 10:00:00,3158.6511,18.01768,4.8273935,0.0052636527,0.45084274,95.44149
2025-04-03 11:00:00,3047.8381,18.058811,4.798635,0.003656042,0.4514137,95.56555
2025-04-03 12:00:00,2929.7058,18.163155,4.7946405,0.0055866726,0.45140326,95.6775
2025-04-03 13:00:00,2807.2446,18.290295,4.8045044,0.0094886245,0.45102125,95.74861
2025-04-03 14:00:00,2682.7832,18.398876,4.8177867,0.013587542,0.45049697,95.75731
2025-04-03 15:00:00,2593.0757,18.45099,4.8244653,0.015719265,0.45020217,95.71682
2025-04-03 16:00:00,2523.4363,18.461842,4.823117,0.015681459,0.4502367,95.655846
2025-04-03 17:00:00,2486.7207,18.43234,4.81042,0.012885093,0.45072857,95.606224
2025-04-03 18:00:00,2484.3274,18.391346,4.794077,0.008912255,0.45145407,95.59008
2025-04-03 19:00:00,2509.2585,18.366404,4.785191,0.00620421,0.4519941,95.60355
2025-04-03 20:00:00,2558.702,18.353697,4.7854376,0.0055448376,0.45208752,95.62008
2025-04-03 21:00:00,2638.5283,18.344534,4.794111,0.006905419,0.45161802,95.61807
2025-04-03 22:00:00,2750.2737,18.33463,4.8103156,0.009661881,0.45066944,95.58632
2025-04-03 23:00:00,2880.2349,18.314602,4.831025,0.012210097,0.44965804,95.51974
2025-04-04 00:00:00,3013.76,18.274733,4.8544374,0.012909946,0.4490703,95.409546
2025-04-04 01:00:00,3146.4126,18.219912,4.8832245,0.011154123,0.44913602,95.251335
2025-04-04 02:00:00,3270.1023,18.173326,4.918223,0.0079649715,0.44971073,95.07779
2025-04-04 03:00:00,3368.542,18.160103,4.9558716,0.005395432,0.45040077,94.93769
2025-04-04 04:00:00,3432.9854,18.184504,4.995126,0.0053455345,0.45073336,94.86413
2025-04-04 05:00:00,3462.7512,18.233524,5.038503,0.009525738,0.45015818,94.88373
2025-04-04 06:00:00,3459.7197,18.267265,5.071887,0.016466314,0.44876707,94.97364
2025-04-04 07:00:00,3425.5752,18.238224,5.0577826,0.02014478,0.44784537,95.07415
2025-04-04 08:00:00,3353.1248,18.149153,4.9810038,0.01725179,0.4483303,95.20266
2025-04-04 09:00:00,3251.679,18.049759,4.8830247,0.010043934,0.44979268,95.33535
2025-04-04 10:00:00,3144.9248,18.018517,4.821945,0.0048291036,0.45095295,95.45715
2025-04-04 11:00:00,3033.3665,18.069141,4.7970014,0.003731341,0.45144045,95.58088
2025-04-04 12:00:00,2914.6892,18.17868,4.795339,0.0060033095,0.45137122,95.68909
2025-04-04 13:00:00,2788.2417,18.308815,4.8065577,0.01013352,0.4509455,95.7545
2025-04-04 14:00:00,2670.168,18.40785,4.818973,0.013957048,0.45044622,95.75407
2025-04-04 15:00:00,2582.267,18.455036,4.8248754,0.015863637,0.45018318,95.70928
2025-04-04 16:00:00,2516.6025,18.460014,4.8221035,0.0154700875,0.45027494,95.648125
2025-04-04 17:00:00,2484.5366,18.42675,4.8081784,0.012369401,0.45081976,95.60196
2025-04-04 18:00:00,2486.1448,18.387087,4.792403,0.008460365,0.45154148,95.59062
2025-04-04 19:00:00,2514.0933,18.364363,4.784745,0.006009463,0.4520328,95.60595
2025-04-04 20:00:00,2567.0388,18.35242,4.78608,0.005611049,0.45205972,95.62115
2025-04-04 21:00:00,2650.991,18.343401,4.795771,0.007201415,0.45151863,95.61576
2025-04-04 22:00:00,2765.9822,18.332882,4.8127337,0.010032294,0.45053434,95.57989
2025-04-04 23:00:00,2897.288,18.310678,4.8338475,0.0124286,0.44955087,95.50831
2025-04-05 00:00:00,3030.7944,18.268211,4.8577304,0.012817402,0.44904163,95.39176
2025-04-05 01:00:00,3163.0708,18.212847,4.8874187,0.010786692,0.44918787,95.228836
2025-04-05 02:00:00,3284.4116,18.169409,4.922954,0.0075569446,0.44980198,95.057144
2025-04-05 03:00:00,3378.757,18.161291,4.9607863,0.005211919,0.45047402,94.92395
2025-04-05 04:00:00,3438.7073,18.189808,5.000401,0.0056149843,0.45072144,94.86103
2025-04-05 05:00:00,3464.1338,18.240057,5.0441175,0.010375898,0.4500047,94.89293
2025-04-05 06:00:00,3457.109,18.267357,5.073333,0.017228607,0.44859496,94.986206
2025-04-05 07:00:00,3418.661,18.229832,5.051413,0.020168915,0.44781917,95.08855
2025-04-05 08:00:00,3341.0742,18.135065,4.9679065,0.016432375,0.4484932,95.22062
2025-04-05 09:00:00,3238.1409,18.041002,4.872747,0.009169874,0.44997507,95.351
2025-04-05 10:00:00,3131.034,18.020706,4.8170495,0.0044614812,0.45105225,95.47298
2025-04-05 11:00:00,3018.5803,18.08056,4.795718,0.0038620231,0.45145848,95.59615
2025-04-05 12:00:00,2899.2163,18.194845,4.796251,0.006456678,0.45133305,95.700264
2025-04-05 13:00:00,2769.7659,18.326256,4.8085895,0.010760622,0.45086896,95.75873
2025-04-05 14:00:00,2657.9482,18.41609,4.820063,0.014298649,0.45039898,95.75017
2025-04-05 15:00:00,2572.2334,18.458185,4.825117,0.015963359,0.450171,95.70165
2025-04-05 16:00:00,2510.446,18.457506,4.820889,0.0152113475,0.45032102,95.64076
2025-04-05 17:00:00,2482.999,18.421143,4.8059406,0.011848104,0.45091248,95.59837
2025-04-05 18:00:00,2488.3894,18.383183,4.790891,0.008038696,0.45162413,95.59163
2025-04-05 19:00:00,2519.4116,18.362455,4.784433,0.0058413106,0.4520656,95.608444
2025-04-05 20:00:00,2575.965,18.351185,4.786866,0.0057106046,0.45202237,95.621895
2025-04-05 21:00:00,2664.2278,18.342264,4.797592,0.007524363,0.45141008,95.61295
2025-04-05 22:00:00,2782.371,18.330952,4.8152924,0.010405378,0.45039606,95.5728
2025-04-05 23:00:00,2914.4912,18.30638,4.8367314,0.012614331,0.44945118,95.49607
2025-04-06 00:00:00,3047.9473,18.261417,4.861153,0.01268207,0.44902417,95.373024
2025-04-06 01:00:00,3179.6636,18.20595,4.891744,0.010396267,0.44924808,95.206055
2025-04-06 02:00:00,3298.3376,18.166105,4.927745,0.007162251,0.4498948,95.03706
2025-04-06 03:00:00,3388.4478,18.163113,4.9657497,0.0050726268,0.4505409,94.911285
2025-04-06 04:00:00,3443.8877,18.195545,5.005797,0.005962285,0.45069268,94.85956
2025-04-06 05:00:00,3464.9858,18.246265,5.0495667,0.011273547,0.44983673,94.903275
2025-04-06 06:00:00,3453.9866,18.266285,5.073895,0.017923303,0.44843364,94.99878
2025-04-06 07:00:00,3411.02,18.22039,5.0438857,0.020074941,0.44781896,95.10368
2025-04-06 08:00:00,3328.52,18.120857,4.9545383,0.015543049,0.44867155,95.238556
2025-04-06 09:00:00,3224.4797,18.033539,4.86315,0.00834137,0.45015025,95.366646
2025-04-06 10:00:00,3116.946,18.024265,4.8126817,0.004161597,0.45114088,95.48899
2025-04-06 11:00:00,3003.5427,18.093012,4.7947845,0.0040476588,0.45146784,95.61125
2025-04-06 12:00:00,2883.5332,18.211344,4.797354,0.006939145,0.4512894,95.71074
2025-04-06 13:00:00,2750.7708,18.343483,4.8106875,0.0113972165,0.45078856,95.76156
2025-04-06 14:00:00,2646.0981,18.42364,4.8210588,0.014612533,0.45035547,95.74567
2025-04-06 15:00:00,2562.6145,18.460598,4.825201,0.016022082,0.4501652,95.6938
2025-04-06 16:00:00,2504.8625,18.454327,4.819464,0.014903187,0.45037538,95.63369
2025-04-06 17:00:00,2482.0125,18.415512,4.8036957,0.0113175055,0.4510077,95.59541
2025-04-06 18:00:00,2491.0662,18.37958,4.789527,0.0076440023,0.45170242,95.59305
2025-04-06 19:00:00,2525.1836,18.360682,4.7842665,0.0057071703,0.45209026,95.610886
2025-04-06 20:00:00,2585.4995,18.349966,4.7877975,0.0058446024,0.4519748,95.62227
2025-04-06 21:00:00,2678.0908,18.341093,4.799548,0.007869207,0.4512934,95.6096
2025-04-06 22:00:00,2799.1125,18.328773,4.817928,0.010769399,0.45025796,95.56505
2025-04-06 23:00:00,2931.8323,18.301674,4.8396797,0.01276388,0.44935983,95.48294
2025-04-07 00:00:00,3065.232,18.25436,4.864715,0.012503446,0.44901803,95.35332
2025-04-07 01:00:00,3196.1858,18.19926,4.8962016,0.009985617,0.4493162,95.183075
2025-04-07 02:00:00,3311.8862,18.163427,4.9326053,0.006784158,0.44998837,95.017555
2025-04-07 03:00:00,3397.631,18.165558,4.970781,0.004981562,0.45060036,94.89975
2025-04-07 04:00:00,3448.5354,18.201694,5.0113406,0.006393805,0.4506454,94.85979
2025-04-07 05:00:00,3465.3047,18.251993,5.0547633,0.012206973,0.44965643,94.914604
2025-04-07 06:00:00,3450.3252,18.264027,5.0735106,0.018542439,0.44828516,95.01147
2025-04-07 07:00:00,3402.5881,18.209873,5.0351667,0.01985799,0.44784606,95.11967
2025-04-07 08:00:00,3315.5122,18.106733,4.9410753,0.014598533,0.44886208,95.25636
2025-04-07 09:00:00,3210.6692,18.02744,4.8542333,0.007565006,0.45031717,95.382355
2025-04-07 10:00:00,3102.6265,18.029192,4.808815,0.0039294036,0.45121884,95.50518
2025-04-07 11:00:00,2988.2478,18.10644,4.7941875,0.004286579,0.45146868,95.62612
2025-04-07 12:00:00,2867.636,18.228086,4.79863,0.007447705,0.4512405,95.720474
2025-04-07 13:00:00,2733.0894,18.358871,4.8126197,0.011982912,0.4507125,95.762695
2025-04-07 14:00:00,2634.3296,18.430664,4.8219786,0.014903926,0.45031497,95.74052
2025-04-07 15:00:00,2553.3718,18.46227,4.825115,0.016037514,0.45016629,95.68576
2025-04-07 16:00:00,2499.8545,18.450523,4.817835,0.014546513,0.45043796,95.62695
2025-04-07 17:00:00,2481.5618,18.409954,4.801481,0.010784521,0.4511043,95.59309
2025-04-07 18:00:00,2494.1643,18.376274,4.7883143,0.0072785746,0.4517757,95.594826
2025-04-07 19:00:00,2531.416,18.35903,4.784246,0.005607519,0.45210654,95.61321
2025-04-07 20:00:00,2595.6394,18.348774,4.7888722,0.0060121347,0.45191717,95.62222
2025-04-07 21:00:00,2692.5215,18.33987,4.801629,0.008231726,0.4511698,95.60569
2025-04-07 22:00:00,2816.1138,18.326326,4.820627,0.011118846,0.45012176,95.556656
2025-04-07 23:00:00,2949.2432,18.296585,4.842691,0.012874073,0.44927806,95.46895
2025-04-08 00:00:00,3082.5732,18.24712,4.8684134,0.0122833215,0.44902325,95.332756
2025-04-08 01:00:00,3212.5215,18.192888,4.9007626,0.009561133,0.4493912,95.16009
2025-04-08 02:00:00,3324.9663,18.16143,4.9375114,0.006429153,0.45008135,94.9988
2025-04-08 03:00:00,3406.2554,18.168596,4.9758663,0.0049440674,0.45065066,94.88949
2025-04-08 04:00:00,3452.6218,18.208185,5.0170097,0.0069109043,0.4505784,94.86177
2025-04-08 05:00:00,3465.0876,18.257034,5.059563,0.013154662,0.44946796,94.92664
2025-04-08 06:00:00,3446.122,18.260595,5.0721297,0.019073755,0.448153,95.02427
2025-04-08 07:00:00,3393.378,18.19837,5.0253177,0.01951658,0.44790098,95.136406
2025-04-08 08:00:00,3302.1943,18.093014,4.927784,0.013621554,0.44905993,95.273865
2025-04-08 09:00:00,3196.7751,18.022793,4.846046,0.0068512997,0.450474,95.39813
2025-04-08 10:00:00,3088.1367,18.035446,4.805447,0.0037657348,0.45128572,95.52145
2025-04-08 11:00:00,2972.7825,18.1207,4.793912,0.004575014,0.45146137,95.64059
2025-04-08 12:00:00,2851.5874,18.244919,4.8000546,0.007976992,0.451187,95.729355
2025-04-08 13:00:00,2717.8079,18.37166,4.8142543,0.012483769,0.45064616,95.76243
2025-04-08 14:00:00,2622.7314,18.437094,4.8228064,0.01516851,0.4502781,95.734764
2025-04-08 15:00:00,2544.5803,18.463186,4.8248463,0.016007032,0.45017466,95.67761
2025-04-08 16:00:00,2495.4565,18.446173,4.8160224,0.014145689,0.450508,95.62066
2025-04-08 17:00:00,2481.6326,18.404573,4.799336,0.010258263,0.4512009,95.59143
2025-04-08 18:00:00,2497.6616,18.373274,4.7872624,0.006945489,0.45184308,95.59689
2025-04-08 19:00:00,2538.092,18.357489,4.78437,0.0055428813,0.45211405,95.61537
2025-04-08 20:00:00,2606.336,18.34761,4.7900863,0.0062110317,0.45184988,95.621735
2025-04-08 21:00:00,2707.3977,18.338594,4.803817,0.0086058825,0.45104104,95.60125
2025-04-08 22:00:00,2833.2202,18.323612,4.8233676,0.011447305,0.4499897,95.547646
2025-04-08 23:00:00,2966.597,18.291162,4.8457494,0.01294248,0.44920707,95.45416
2025-04-09 00:00:00,3099.8306,18.239809,4.8722258,0.012025488,0.44903952,95.311584
2025-04-09 01:00:00,3228.5042,18.186947,4.905382,0.009130925,0.44947153,95.137405
2025-04-09 02:00:00,3337.4583,18.160137,4.942423,0.006104058,0.45017213,94.981
2025-04-09 03:00:00,3414.253,18.172186,4.980973,0.004964508,0.45069018,94.880646
2025-04-09 04:00:00,3456.119,18.214891,5.022746,0.007509647,0.4504918,94.86548
2025-04-09 05:00:00,3464.3442,18.2612,5.0638137,0.014091093,0.44927657,94.93906
2025-04-09 06:00:00,3441.3918,18.256048,5.069729,0.019506086,0.44804037,95.0372
2025-04-09 07:00:00,3383.4678,18.186037,5.0144906,0.019055769,0.44798297,95.153694
2025-04-09 08:00:00,3288.7444,18.080036,4.914941,0.012638159,0.44925988,95.290886
2025-04-09 09:00:00,3182.8997,18.01965,4.838629,0.0062094815,0.45061883,95.4139
2025-04-09 10:00:00,3073.581,18.042927,4.802576,0.003670019,0.45134142,95.5376
2025-04-09 11:00:00,2957.2756,18.135593,4.793938,0.0049069785,0.4514464,95.65447
2025-04-09 12:00:00,2835.4182,18.261705,4.8016043,0.008521783,0.45112932,95.7373
2025-04-09 13:00:00,2704.131,18.382656,4.815675,0.012923995,0.4505871,95.761185
2025-04-09 14:00:00,2611.4302,18.44285,4.8235273,0.015401729,0.45024568,95.7285
2025-04-09 15:00:00,2536.328,18.463339,4.824385,0.015929371,0.4501906,95.66952
2025-04-09 16:00:00,2491.6963,18.44138,4.8140626,0.013708206,0.45058444,95.614876
2025-04-09 17:00:00,2482.203,18.39947,4.7972994,0.009747746,0.45129582,95.59042
2025-04-09 18:00:00,2501.534,18.370564,4.7863746,0.006647418,0.45190373,95.59918
2025-04-09 19:00:00,2545.1914,18.356043,4.784636,0.0055135204,0.45211244,95.61732
2025-04-09 20:00:00,2617.5403,18.346476,4.79143,0.006439028,0.45177343,95.620804
2025-04-09 21:00:00,2722.6125,18.337246,4.8060927,0.008986004,0.45090872,95.5963
2025-04-09 22:00:00,2850.3218,18.320606,4.8261304,0.011749907,0.44986328,95.53803
2025-04-09 23:00:00,2983.8237,18.285435,4.848854,0.012968048,0.44914737,95.438614
2025-04-10 00:00:00,3116.918,18.232506,4.876137,0.011734166,0.4490662,95.28997
2025-04-10 01:00:00,3244.037,18.18151,4.910031,0.008701575,0.44955593,95.11523
2025-04-10 02:00:00,3349.3086,18.15954,4.9473205,0.0058133807,0.45025927,94.964294
2025-04-10 03:00:00,3421.605,18.176266,4.98609,0.005046056,0.45071766,94.8733
2025-04-10 04:00:00,3459.0261,18.221697,5.0285015,0.0081839515,0.45038605,94.87082
2025-04-10 05:00:00,3463.0925,18.264357,5.0674043,0.014996446,0.4490866,94.95164
2025-04-10 06:00:00,3436.1338,18.250448,5.0663004,0.019833518,0.44794926,95.050316
2025-04-10 07:00:00,3372.93,18.173044,5.0028543,0.018484814,0.44809002,95.17134
2025-04-10 08:00:00,3275.2695,18.068033,4.90272,0.011668789,0.44945788,95.3074
2025-04-10 09:00:00,3169.0815,18.01799,4.8319664,0.005642986,0.45075107,95.42962
2025-04-10 10:00:00,3059.008,18.051535,4.8001766,0.0036392508,0.45138627,95.55354
2025-04-10 11:00:00,2941.7964,18.150942,4.7942386,0.0052766516,0.45142457,95.66769
2025-04-10 12:00:00,2819.025,18.27845,4.8032665,0.009081385,0.45106766,95.744286
2025-04-10 13:00:00,2691.3577,18.392502,4.816958,0.013324269,0.45053282,95.75918
2025-04-10 14:00:00,2600.4863,18.447905,4.824129,0.015601032,0.45021823,95.72181
2025-04-10 15:00:00,2528.65,18.462751,4.82373,0.01580427,0.45021433,95.66156
2025-04-10 16:00:00,2488.5667,18.436255,4.811989,0.013241004,0.45066622,95.60967
2025-04-10 17:00:00,2483.245,18.394682,4.795396,0.009258411,0.4513881,95.59003
2025-04-10 18:00:00,2505.769,18.368122,4.785648,0.0063849804,0.4519572,95.601585
2025-04-10 19:00:00,2552.7183,18.354677,4.7850413,0.005518982,0.45210156,95.61899
2025-04-10 20:00:00,2629.2358,18.345356,4.7928977,0.0066939997,0.45168832,95.619415
2025-04-10 21:00:00,2738.1133,18.33579,4.808442,0.009367817,0.45077407,95.59082
2025-04-10 22:00:00,2867.3826,18.317297,4.82891,0.012023722,0.4497435,95.527824
2025-04-10 23:00:00,3000.925,18.279425,4.8520103,0.012950804,0.4490991,95.422325
2025-04-11 00:00:00,3133.8125,18.22527,4.880143,0.011413125,0.44910258,95.26802
2025-04-11 01:00:00,3259.0908,18.17662,4.9146976,0.008277759,0.44964337,95.09362
2025-04-11 02:00:00,3360.5188,18.15961,4.9522038,0.005560007,0.45034194,94.948685
2025-04-11 03:00:00,3428.3281,18.180805,4.9912314,0.00519186,0.45073187,94.86748
2025-04-11 04:00:00,3461.3606,18.228489,5.0342374,0.008927114,0.45026225,94.87766
2025-04-11 05:00:00,3461.3481,18.266436,5.0702605,0.015856504,0.44890136,94.964226
2025-04-11 06:00:00,3430.3267,18.243837,5.061836,0.020052902,0.44788095,95.06375
2025-04-11 07:00:00,3361.8237,18.159546,4.9905725,0.017814565,0.4482196,95.18918
2025-04-11 08:00:00,3261.8062,18.05715,4.8912063,0.010727611,0.44965124,95.32347
2025-04-11 09:00:00,3155.3035,18.017765,4.8260064,0.0051512886,0.45087075,95.44532
2025-04-11 10:00:00,3044.4104,18.061193,4.7982135,0.0036698282,0.4514208,95.56923
2025-04-11 11:00:00,2926.3542,18.166634,4.794782,0.0056793354,0.45139635,95.68016
2025-04-11 12:00:00,2802.1243,18.295326,4.8050528,0.009660903,0.45100135,95.75037
2025-04-11 13:00:00,2679.0532,18.401567,4.818147,0.013696734,0.4504819,95.756485
2025-04-11 14:00:00,2589.917,18.452251,4.8246064,0.015765036,0.45019606,95.71477
2025-04-11 15:00:00,2521.5493,18.461452,4.8228765,0.015631467,0.45024595,95.6538
2025-04-11 16:00:00,2486.0432,18.430891,4.8098345,0.012750356,0.4507525,95.60504
2025-04-11 17:00:00,2484.7344,18.390226,4.793633,0.00879326,0.45147708,95.59018
2025-04-11 18:00:00,2510.3713,18.365908,4.785076,0.0061576283,0.4520032,95.60407
2025-04-11 19:00:00,2560.6992,18.353374,4.785583,0.0055585997,0.45208135,95.62035
2025-04-11 20:00:00,2641.439,18.344244,4.79449,0.006974254,0.4515947,95.61752
2025-04-11 21:00:00,2753.8928,18.334202,4.810863,0.009748223,0.45063776,95.58481
2025-04-11 22:00:00,2884.423,18.313658,4.831713,0.012266792,0.44963086,95.516975
2025-04-11 23:00:00,3017.954,18.27314,4.8552365,0.012890865,0.4490621,95.40522
2025-04-12 00:00:00,3150.5396,18.21814,4.8842487,0.011065348,0.44914794,95.24578
2025-04-12 01:00:00,3273.6846,18.172293,4.9193897,0.007862672,0.4497331,95.07262
2025-04-12 02:00:00,3371.1265,18.160332,4.957087,0.005345988,0.4504194,94.93417
2025-04-12 03:00:00,3434.4568,18.185778,4.996426,0.005405688,0.45073178,94.86321
2025-04-12 04:00:00,3463.1438,18.235167,5.0399103,0.009732244,0.4501214,94.88589
2025-04-12 05:00:00,3459.1177,18.267391,5.072326,0.016661849,0.44872332,94.97676
2025-04-12 06:00:00,3423.9236,18.236235,5.0563097,0.020161856,0.44783643,95.07766
2025-04-12 07:00:00,3350.1863,18.14568,4.977791,0.017056065,0.448369,95.2071
2025-04-12 08:00:00,3248.3347,18.04747,4.8804145,0.009823499,0.4498385,95.33924
2025-04-12 09:00:00,3141.5032,18.018929,4.8206816,0.004731718,0.45097852,95.46106
2025-04-12 10:00:00,3029.7358,18.071863,4.796651,0.0037583648,0.45144576,95.58468
2025-04-12 11:00:00,2910.9055,18.182621,4.7955446,0.0061119767,0.45136234,95.691895
2025-04-12 12:00:00,2784.2317,18.312674,4.806996,0.010271787,0.45092887,95.75552
2025-04-12 13:00:00,2666.997,18.410028,4.8192625,0.01404692,0.45043376,95.753136
2025-04-12 14:00:00,2579.7114,18.455896,4.82495,0.015892401,0.45017952,95.707405
2025-04-12 15:00:00,2515.0127,18.459457,4.8218217,0.01541046,0.4502856,95.64628
2025-04-12 16:00:00,2484.098,18.42537,4.8076262,0.012241319,0.45084247,95.60102
2025-04-12 17:00:00,2486.6562,18.386093,4.7920156,0.008353367,0.45156237,95.590836
2025-04-12 18:00:00,2515.3645,18.36388,4.7846546,0.0059645274,0.4520417,95.606575
2025-04-12 19:00:00,2569.1873,18.352118,4.786261,0.0056322766,0.45205152,95.621376
2025-04-12 20:00:00,2654.1985,18.343124,4.796209,0.0072788843,0.4514927,95.61513
2025-04-12 21:00:00,2769.9888,18.33243,4.8133583,0.010124933,0.4505003,95.57821
2025-04-12 22:00:00,2901.5142,18.30966,4.8345523,0.012477639,0.44952556,95.50537
2025-04-12 23:00:00,3035.0063,18.26657,4.8585615,0.012788185,0.4490363,95.38724
2025-04-13 00:00:00,3167.1597,18.211138,4.8884706,0.010692764,0.4492019,95.22325
2025-04-13 01:00:00,3287.872,18.168541,4.9241266,0.007458581,0.4498247,95.052155
2025-04-13 02:00:00,3381.188,18.161682,4.9620013,0.0051734466,0.4504911,94.92073
2025-04-13 03:00:00,3440.0312,18.191181,5.001716,0.005692907,0.45071602,94.860504
2025-04-13 04:00:00,3464.3928,18.24162,5.0454755,0.010592588,0.44996467,94.89538
2025-04-13 05:00:00,3456.39,18.267202,5.0735555,0.017406061,0.44855422,94.989296
2025-04-13 06:00:00,3416.851,18.227606,5.0496697,0.02015699,0.44781664,95.0922
2025-04-13 07:00:00,3338.03,18.131575,4.964635,0.0162195,0.4485358,95.22504
2025-04-13 08:00:00,3234.7905,18.03904,4.8703213,0.008961436,0.45001888,95.35485
2025-04-13 09:00:00,3127.5835,18.021454,4.8159256,0.0043813167,0.4510751,95.476906
2025-04-13 10:00:00,3014.8965,18.083536,4.7954564,0.0039026898,0.45146158,95.5999
2025-04-13 11:00:00,2895.3643,18.198889,4.796506,0.0065730726,0.4513228,95.7029
2025-04-13 12:00:00,2765.1238,18.330534,4.809102,0.010917087,0.45084947,95.75957
2025-04-13 13:00:00,2655.069,18.417967,4.8203115,0.014376786,0.45038816,95.74913
2025-04-13 14:00:00,2569.8442,18.458843,4.8251524,0.015981559,0.45016897,95.699745
2025-04-13 15:00:00,2509.0227,18.456785,4.820558,0.015140222,0.4503336,95.63899
2025-04-13 16:00:00,2482.706,18.419756,4.805388,0.011718233,0.45093566,95.59759
2025-04-13 17:00:00,2489.008,18.38227,4.7905416,0.007939069,0.4516438,95.59194
2025-04-13 18:00:00,2520.7886,18.362007,4.7843785,0.005805152,0.4520724,95.609055
2025-04-13 19:00:00,2578.2532,18.350883,4.7870817,0.0057403715,0.45201164,95.62203
2025-04-13 20:00:00,2667.5798,18.341982,4.798061,0.0076072235,0.45138213,95.612175
2025-04-13 21:00:00,2786.457,18.33044,4.8159337,0.010495895,0.45036206,95.57096
2025-04-13 22:00:00,2918.7434,18.30526,4.8374505,0.012654545,0.4494279,95.49292
2025-04-13 23:00:00,3052.1858,18.259705,4.862015,0.012642142,0.4490216,95.36827
2025-04-14 00:00:00,3183.7354,18.204283,4.8928285,0.010296998,0.44926414,95.200424
2025-04-14 01:00:00,3301.7058,18.165388,4.9289336,0.007067537,0.44991773,95.03221
2025-04-14 02:00:00,3390.7532,18.163656,4.9669805,0.0050455313,0.45055628,94.90834
2025-04-14 03:00:00,3445.0803,18.19702,5.0071454,0.00606041,0.45068285,94.85945
2025-04-14 04:00:00,3465.1138,18.247725,5.050873,0.011500398,0.44979343,94.90598
2025-04-14 05:00:00,3453.137,18.265839,5.0738893,0.018082917,0.44839582,95.00189
2025-04-14 06:00:00,3409.021,18.217905,5.041852,0.020033106,0.44782305,95.10754
2025-04-14 07:00:00,3325.3596,18.117365,4.951227,0.015315149,0.44871745,95.24295
2025-04-14 08:00:00,3221.096,18.031908,4.8608923,0.008145216,0.45019212,95.37049
2025-04-14 09:00:00,3113.4443,18.025352,4.8116846,0.0040981523,0.45116103,95.492966
2025-04-14 10:00:00,2999.8005,18.09623,4.794607,0.0041016107,0.45146883,95.614944
2025-04-14 11:00:00,2879.6338,18.215452,4.797653,0.0070621464,0.45127785,95.71322
2025-04-14 12:00:00,2746.1235,18.347584,4.811198,0.011551392,0.4507687,95.762
2025-04-14 13:00:00,2643.2087,18.42541,4.8212905,0.014686139,0.45034525,95.74446
2025-04-14 14:00:00,2560.309,18.461077,4.8251963,0.016029976,0.45016482,95.69183
2025-04-14 15:00:00,2503.578,18.453447,4.8190823,0.014819898,0.45038998,95.632
2025-04-14 16:00:00,2481.8533,18.414133,4.803147,0.011186322,0.45103136,95.59478
2025-04-14 17:00:00,2491.7903,18.378738,4.789214,0.007551363,0.4517209,95.59345
2025-04-14 18:00:00,2526.6748,18.360266,4.7842474,0.0056795026,0.45209506,95.611465
2025-04-14 19:00:00,2587.94,18.349669,4.7880483,0.0058827647,0.45196155,95.6223
2025-04-14 20:00:00,2681.5938,18.340794,4.800049,0.007956981,0.45126358,95.60868
2025-04-14 21:00:00,2803.279,18.328196,4.8185863,0.010856958,0.45022416,95.56304
2025-04-14 22:00:00,2936.117,18.300457,4.8404155,0.0127947675,0.44933873,95.47957
2025-04-14 23:00:00,3069.5012,18.25259,4.865613,0.012452977,0.44901824,95.34833
2025-04-15 00:00:00,3200.2317,18.197657,4.8973165,0.009882078,0.44933406,95.1774
2025-04-15 01:00:00,3315.155,18.162874,4.9338107,0.0066943336,0.45001137,95.012856
2025-04-15 02:00:00,3399.8093,18.166252,4.9720297,0.0049671796,0.45061365,94.8971
2025-04-15 03:00:00,3449.5947,18.203268,5.0127263,0.0065132533,0.45063072,94.86011
2025-04-15 04:00:00,3465.3008,18.253305,5.0559883,0.012440002,0.4496106,94.91752
2025-04-15 05:00:00,3449.34,18.26329,5.073265,0.018681899,0.44825098,95.0146
2025-04-15 06:00:00,3400.3901,18.207129,5.032842,0.019785361,0.447857,95.123726
2025-04-15 07:00:00,3312.255,18.103304,4.937775,0.014359994,0.4489103,95.260704
2025-04-15 08:00:00,3207.252,18.026155,4.8521476,0.007383044,0.4503568,95.38624
2025-04-15 09:00:00,3099.0706,18.030613,4.8079395,0.0038827262,0.4512363,95.509186
2025-04-15 10:00:00,2984.451,18.10988,4.7940893,0.0043532196,0.45146763,95.62972
2025-04-15 11:00:00,2863.698,18.23223,4.7989683,0.007576312,0.45122772,95.72274
2025-04-15 12:00:00,2729.1455,18.36222,4.8130455,0.012112855,0.45069537,95.76273
2025-04-15 13:00:00,2631.4531,18.432304,4.8221908,0.014971783,0.45030552,95.73915
2025-04-15 14:00:00,2551.161,18.462568,4.825066,0.01603434,0.45016766,95.68375
2025-04-15 15:00:00,2498.7131,18.449501,4.8174043,0.014451584,0.45045453,95.62536
2025-04-15 16:00:00,2481.5315,18.40861,4.8009443,0.010653887,0.45112818,95.59263
2025-04-15 17:00:00,2494.9893,18.375507,4.7880406,0.007193401,0.45179287,95.59531
2025-04-15 18:00:00,2533.0195,18.358639,4.784262,0.0055883424,0.45210922,95.61376
2025-04-15 19:00:00,2598.2234,18.348486,4.789159,0.0060582394,0.45190147,95.62215
2025-04-15 20:00:00,2696.1472,18.339561,4.8021593,0.008323005,0.4511385,95.604645
2025-04-15 21:00:00,2820.3206,18.325684,4.8212996,0.011201873,0.4500888,95.55449
2025-04-15 22:00:00,2953.5244,18.29528,4.8434396,0.012894848,0.44925958,95.46538
2025-04-15 23:00:00,3086.8335,18.245325,4.869342,0.012223144,0.44902626,95.3276
2025-04-16 00:00:00,3216.4932,18.191383,4.9018955,0.009455471,0.4494105,95.154465
2025-04-16 01:00:00,3328.0994,18.161049,4.9387217,0.0063461503,0.45010397,94.99432
2025-04-16 02:00:00,3408.2832,18.169432,4.9771223,0.00494359,0.45066142,94.88718
2025-04-16 03:00:00,3453.5376,18.20982,5.0184164,0.007050984,0.4505589,94.862526
2025-04-16 04:00:00,3464.953,18.258148,5.0606647,0.013387094,0.44942093,94.92968
2025-04-16 05:00:00,3445.006,18.259577,5.071635,0.019189673,0.4481234,95.027435
2025-04-16 06:00:00,3391.0007,18.195406,5.0227365,0.019413875,0.4479187,95.14062
2025-04-16 07:00:00,3298.8909,18.08974,4.9245725,0.013379224,0.4491091,95.27809
2025-04-16 08:00:00,3193.3557,18.02188,4.844149,0.0066864146,0.4505108,95.402016
2025-04-16 09:00:00,3084.5576,18.037176,4.8046956,0.0037359206,0.45130047,95.52544
2025-04-16 10:00:00,2968.9663,18.124317,4.793891,0.004652889,0.45145836,95.644066
2025-04-16 11:00:00,2847.6213,18.249056,4.8004255,0.008109702,0.45117316,95.73139
2025-04-16 12:00:00,2714.3245,18.374502,4.81462,0.012596801,0.45063108,95.76221
2025-04-16 13:00:00,2619.9185,18.438574,4.822994,0.0152289495,0.4502697,95.73326
2025-04-16 14:00:00,2542.4968,18.463295,4.8247504,0.015992291,0.45017788,95.675606
2025-04-16 15:00:00,2494.4717,18.445028,4.815552,0.014041148,0.45052624,95.61919
2025-04-16 16:00:00,2481.7275,18.403292,4.7988224,0.010130896,0.45122448,95.591125
2025-04-16 17:00:00,2498.5806,18.37258,4.7870283,0.0068688304,0.45185867,95.59744
2025-04-16 18:00:00,2539.8003,18.357122,4.7844224,0.0055323867,0.45211446,95.615875
2025-04-16 19:00:00,2609.0479,18.347328,4.7904058,0.0062645306,0.45183188,95.62156
2025-04-16 20:00:00,2711.114,18.338274,4.80437,0.008699046,0.45100877,95.60008
2025-04-16 21:00:00,2837.4324,18.322899,4.824046,0.011524321,0.44995797,95.54533
2025-04-16 22:00:00,2970.8499,18.289778,4.8465104,0.01295276,0.4491913,95.4504
2025-04-16 23:00:00,3104.0537,18.238007,4.87318,0.011956748,0.44904512,95.3063
2025-04-17 00:00:00,3232.3713,18.185562,4.906524,0.009024953,0.44949195,95.1319
2025-04-17 01:00:00,3340.4355,18.159925,4.943631,0.0060291644,0.45019394,94.97679
2025-04-17 02:00:00,3416.1218,18.173145,4.9822316,0.0049787713,0.45069814,94.8787
2025-04-17 03:00:00,3456.8884,18.21656,5.0241623,0.0076688556,0.4504675,94.866646
2025-04-17 04:00:00,3464.0825,18.262074,5.0647616,0.014317467,0.44922954,94.942154
2025-04-17 05:00:00,3440.147,18.254765,5.06898,0.019596577,0.44801587,95.040405
2025-04-17 06:00:00,3380.9294,18.182896,5.011695,0.018925063,0.44800708,95.15801
2025-04-17 07:00:00,3285.4275,18.076982,4.9118695,0.012397617,0.44930893,95.295
2025-04-17 08:00:00,3179.493,18.019106,4.8369207,0.006063034,0.45065257,95.41777
2025-04-17 09:00:00,3069.995,18.044945,4.8019433,0.003656519,0.4513535,95.54154
2025-04-17 10:00:00,2953.4617,18.139334,4.7939873,0.0049946564,0.45144168,95.65779
2025-04-17 11:00:00,2831.41,18.265827,4.8020034,0.008658118,0.4511145,95.739105
2025-04-17 12:00:00,2700.924,18.385168,4.816001,0.013025601,0.45057335,95.760765
2025-04-17 13:00:00,2608.702,18.444159,4.823687,0.015454012,0.45023844,95.72689
2025-04-17 14:00:00,2534.3843,18.463264,4.8242426,0.015902992,0.45019573,95.66754
2025-04-17 15:00:00,2490.8682,18.440147,4.8135614,0.013595723,0.4506041,95.61354
2025-04-17 16:00:00,2482.4167,18.39826,4.796818,0.009625198,0.45131883,95.59027
2025-04-17 17:00:00,2502.5427,18.369942,4.7861814,0.0065795365,0.45191756,95.599754
2025-04-17 18:00:00,2547.004,18.355701,4.7847233,0.005511684,0.45211062,95.61775
2025-04-17 19:00:00,2620.3733,18.346197,4.7917805,0.006499372,0.45175332,95.620514
2025-04-17 20:00:00,2726.4026,18.336899,4.8066645,0.009079978,0.4508758,95.59501
2025-04-17 21:00:00,2854.5251,18.319822,4.826813,0.011820102,0.44983315,95.53558
2025-04-17 22:00:00,2988.0435,18.283981,4.8496256,0.012967786,0.44913444,95.43468
2025-04-17 23:00:00,3121.094,18.230717,4.877114,0.011657793,0.44907427,95.28459
2025-04-18 00:00:00,3247.7866,18.180258,4.9111776,0.0085965805,0.44957718,95.10985
2025-04-18 01:00:00,3352.126,18.159496,4.948524,0.005747503,0.45028007,94.96034
2025-04-18 02:00:00,3423.3171,18.177343,4.9873533,0.0050758705,0.4507224,94.87173
2025-04-18 03:00:00,3459.6528,18.223375,5.0299172,0.008360714,0.45035723,94.87236
2025-04-18 04:00:00,3462.7085,18.26497,5.068178,0.015212779,0.44904047,94.954735
2025-04-18 05:00:00,3434.757,18.248915,5.065298,0.01989763,0.4479303,95.05359
2025-04-18 06:00:00,3370.2473,18.169764,4.999885,0.018328635,0.4481199,95.17572
2025-04-18 07:00:00,3271.954,18.065245,4.899819,0.011434091,0.44950598,95.31139
2025-04-18 08:00:00,3165.6885,18.017803,4.8304367,0.0055151186,0.45078167,95.43349
2025-04-18 09:00:00,3055.4187,18.053818,4.7996545,0.0036412543,0.4513957,95.55743
2025-04-18 10:00:00,2937.9932,18.154774,4.7943506,0.0053728684,0.45141816,95.67083
2025-04-18 11:00:00,2814.9285,18.28258,4.8036942,0.0092217745,0.45105183,95.74587
2025-04-18 12:00:00,2688.2969,18.394798,4.8172584,0.01341822,0.45052004,95.75858
2025-04-18 13:00:00,2597.8503,18.449038,4.824259,0.015644727,0.45021224,95.72011
2025-04-18 14:00:00,2526.8489,18.462496,4.8235383,0.015766155,0.45022136,95.65963
2025-04-18 15:00:00,2487.8904,18.434954,4.811465,0.013122153,0.45068708,95.608475
2025-04-18 16:00:00,2483.571,18.393553,4.794948,0.009141634,0.4514103,95.59002
2025-04-18 17:00:00,2506.867,18.367558,4.785493,0.006325781,0.4519692,95.602196
2025-04-18 18:00:00,2554.639,18.354351,4.7851624,0.0055255652,0.45209748,95.619354
2025-04-18 19:00:00,2632.1912,18.345083,4.793278,0.006760688,0.45166606,95.618996
2025-04-18 20:00:00,2741.9705,18.335415,4.809032,0.0094617205,0.45074064,95.58939
2025-04-18 21:00:00,2871.5764,18.316431,4.829597,0.012086452,0.4497151,95.525215
2025-04-18 22:00:00,3005.1199,18.2779,4.8527975,0.012939976,0.449089,95.41819
2025-04-18 23:00:00,3137.9436,18.223507,4.8811426,0.011329908,0.4491129,95.26257
2025-04-19 00:00:00,3262.7236,18.175503,4.915849,0.008174649,0.44966522,95.0884
2025-04-19 01:00:00,3363.1833,18.15973,4.953404,0.005503598,0.4503615,94.945015
2025-04-19 02:00:00,3429.8901,18.181988,4.992504,0.0052379887,0.45073324,94.86628
2025-04-19 03:00:00,3461.8499,18.230146,5.035641,0.009119786,0.45022914,94.87957
2025-04-19 04:00:00,3460.8445,18.266773,5.070844,0.0160601,0.4488568,94.96731
2025-04-19 05:00:00,3428.808,18.242062,5.060576,0.020090064,0.44786775,95.06712
2025-04-19 06:00:00,3359.0076,18.156162,4.987468,0.017635655,0.44825464,95.193596
2025-04-19 07:00:00,3258.4932,18.054653,4.888483,0.010501404,0.4496979,95.32738
2025-04-19 08:00:00,3151.9124,18.017923,4.8246393,0.005041429,0.45089835,95.44919
2025-04-19 09:00:00,3040.8086,18.063726,4.7977934,0.0036863333,0.4514278,95.57306
2025-04-19 10:00:00,2922.5552,18.170544,4.79495,0.005783137,0.45138854,95.68311
2025-04-19 11:00:00,2797.8328,18.29954,4.805515,0.009807852,0.45098415,95.751724
2025-04-19 12:00:00,2676.0684,18.403702,4.818428,0.013784912,0.45046982,95.75572
2025-04-19 13:00:00,2587.3723,18.453213,4.824704,0.01579981,0.45019144,95.71298
2025-04-19 14:00:00,2519.8887,18.461025,4.822637,0.01558157,0.45025495,95.65193
2025-04-19 15:00:00,2485.512,18.429543,4.809295,0.012626567,0.4507743,95.604
2025-04-19 16:00:00,2485.1675,18.38918,4.7932215,0.008682637,0.4514984,95.590294
2025-04-19 17:00:00,2511.5627,18.36539,4.784959,0.006106968,0.4520134,95.60469
2025-04-19 18:00:00,2562.7388,18.353062,4.785737,0.0055736024,0.45207492,95.620636
2025-04-19 19:00:00,2644.5254,18.343971,4.794901,0.007047001,0.4515704,95.616974
2025-04-19 20:00:00,2757.823,18.333784,4.811471,0.009841292,0.45060402,95.583244
2025-04-19 21:00:00,2888.6216,18.312706,4.832407,0.012321722,0.44960424,95.51418
2025-04-19 22:00:00,3022.1448,18.271547,4.8560452,0.012869566,0.44905475,95.40089
2025-04-19 23:00:00,3154.6372,18.216404,4.885276,0.010975857,0.44916043,95.240265
2025-04-20 00:00:00,3277.2117,18.171314,4.9205503,0.0077621383,0.4497555,95.067535
2025-04-20 01:00:00,3373.6514,18.160606,4.958293,0.005299573,0.45043764,94.93077
2025-04-20 02:00:00,3435.8787,18.187067,4.9977174,0.0054693236,0.45072943,94.8624
2025-04-20 03:00:00,3463.5005,18.23678,5.041292,0.00993913,0.4500842,94.88812
2025-04-20 04:00:00,3458.4934,18.267452,5.0727096,0.016850894,0.44868082,94.97985
2025-04-20 05:00:00,3422.2483,18.23421,5.0547805,0.020171396,0.4478292,95.08117
2025-04-20 06:00:00,3347.2424,18.142225,4.974583,0.016857048,0.44840854,95.21152
2025-04-20 07:00:00,3245.011,18.045279,4.877867,0.009607285,0.44988352,95.34308
2025-04-20 08:00:00,3138.0923,18.019424,4.8194613,0.0046391506,0.45100328,95.46494
2025-04-20 09:00:00,3026.1025,18.074644,4.796324,0.0037887993,0.45145047,95.58844
2025-04-20 10:00:00,2907.0925,18.186596,4.7957635,0.006222838,0.45135313,95.69467
2025-04-20 11:00:00,2779.627,18.317041,4.807502,0.0104280375,0.4509099,95.75664
2025-04-20 12:00:00,2664.0527,18.412027,4.8195267,0.014129947,0.4504223,95.75221
2025-04-20 13:00:00,2577.2522,18.456688,4.825013,0.01591797,0.45017636,95.70554
2025-04-20 14:00:00,2513.488,18.45886,4.8215303,0.015348565,0.4502966,95.644455
2025-04-20 15:00:00,2483.7048,18.423992,4.8070774,0.012113714,0.45086515,95.60012
2025-04-20 16:00:00,2487.195,18.385126,4.7916393,0.008249017,0.4515828,95.59107
2025-04-20 17:00:00,2516.658,18.363405,4.784573,0.0059222146,0.45205,95.607185
2025-04-20 18:00:00,2571.3623,18.35181,4.78645,0.005655699,0.45204264,95.62157
2025-04-20 19:00:00,2657.432,18.342848,4.796651,0.0073575466,0.45146623,95.61445
2025-04-20 20:00:00,2774.006,18.331963,4.8139844,0.010216856,0.45046633,95.57649
2025-04-20 21:00:00,2905.7393,18.308613,4.83526,0.012524388,0.4495008,95.50239
2025-04-20 22:00:00,3039.22,18.264906,4.859399,0.012756319,0.44903165,95.38267
2025-04-20 23:00:00,3171.2422,18.209433,4.88953,0.010597406,0.44921649,95.21767
2025-04-21 00:00:00,3291.3083,18.167707,4.9253025,0.0073609813,0.44984746,95.047195
2025-04-21 01:00:00,3383.5874,18.16211,4.96322,0.0051376456,0.4505078,94.91758
2025-04-21 02:00:00,3441.3223,18.192577,5.0030375,0.0057756477,0.45070952,94.8601
2025-04-21 03:00:00,3464.6194,18.24316,5.046823,0.010812045,0.4499238,94.89789
2025-04-21 04:00:00,3455.639,18.26698,5.073723,0.017579222,0.44851413,94.99238
2025-04-21 05:00:00,3414.9976,18.22532,5.0478573,0.020137766,0.44781575,95.095894
2025-04-21 06:00:00,3334.958,18.128077,4.9613523,0.016002715,0.44857925,95.22946
2025-04-21 07:00:00,3231.4358,18.03716,4.867939,0.008756099,0.45006222,95.358696
2025-04-21 08:00:00,3124.127,18.022287,4.8148355,0.0043054214,0.4510972,95.480835
2025-04-21 09:00:00,3011.207,18.086567,4.7952156,0.0039466005,0.45146418,95.60362
2025-04-21 10:00:00,2891.5127,18.202938,4.7967715,0.006690875,0.4513122,95.70551
2025-04-21 11:00:00,2760.3447,18.334885,4.809631,0.011077249,0.45082933,95.76034
2025-04-21 12:00:00,2652.144,18.419846,4.820559,0.014454899,0.45037737,95.74805
2025-04-21 13:00:00,2567.4658,18.459461,4.825178,0.015997395,0.45016733,95.69782
2025-04-21 14:00:00,2507.631,18.456022,4.8202147,0.015065997,0.45034668,95.63724
2025-04-21 15:00:00,2482.4465,18.418367,4.804836,0.011587885,0.45095903,95.59684
2025-04-21 16:00:00,2489.6533,18.38137,4.790201,0.007841063,0.4516632,95.59227
2025-04-21 17:00:00,2522.1943,18.361567,4.7843323,0.0057710684,0.45207876,95.60965
2025-04-21 18:00:00,2580.5796,18.350582,4.787306,0.005772261,0.45200026,95.62214
2025-04-21 19:00:00,2670.9724,18.341692,4.7985377,0.007691514,0.45135367,95.61137
2025-04-21 20:00:00,2790.568,18.329912,4.81658,0.010585862,0.45032802,95.56907
2025-04-21 21:00:00,2923.009,18.304115,4.838174,0.012692636,0.44940507,95.489716
2025-04-21 22:00:00,3056.4385,18.257977,4.8628874,0.012599519,0.44901973,95.36345
2025-04-21 23:00:00,3187.8079,18.202625,4.893922,0.010196392,0.44928068,95.194756
2025-04-22 00:00:00,3305.0557,18.16471,4.9301286,0.006973777,0.44994077,95.02738
2025-04-22 01:00:00,3393.0322,18.16424,4.9682174,0.0050214655,0.4505712,94.90546
2025-04-22 02:00:00,3446.2424,18.198523,5.0085063,0.0061639254,0.4506718,94.85945
2025-04-22 03:00:00,3465.2097,18.249157,5.0521646,0.011729563,0.44974935,94.908745
2025-04-22 04:00:00,3452.2532,18.265324,5.0738277,0.018238142,0.44835877,95.005005
2025-04-22 05:00:00,3406.9705,18.215347,5.039742,0.019983757,0.4478288,95.11144
2025-04-22 06:00:00,3322.1685,18.113878,4.94791,0.015083886,0.4487641,95.24734
2025-04-22 07:00:00,3217.6992,18.03036,4.858674,0.007952163,0.45023352,95.37437
2025-04-22 08:00:00,3109.9253,18.026522,4.810716,0.004038786,0.45118058,95.49694
2025-04-22 09:00:00,2996.0425,18.099506,4.794449,0.004158759,0.4514693,95.61861
2025-04-22 10:00:00,2875.7283,18.219566,4.7979617,0.0071865795,0.45126593,95.71564
2025-04-22 11:00:00,2741.7212,18.351435,4.8116803,0.0116975065,0.4507498,95.76233
2025-04-22 12:00:00,2640.3018,18.427162,4.821521,0.01475879,0.45033517,95.743225
2025-04-22 13:00:00,2558.0176,18.461514,4.825181,0.016035272,0.45016485,95.689865
2025-04-22 14:00:00,2502.3247,18.45253,4.8186874,0.014733508,0.45040515,95.63032
2025-04-22 15:00:00,2481.7249,18.412762,4.8025994,0.011054949,0.45105514,95.59419
2025-04-22 16:00:00,2492.5398,18.377913,4.7889104,0.007460346,0.45173913,95.59388
2025-04-22 17:00:00,2528.1946,18.359854,4.784237,0.0056537907,0.45209935,95.612045
2025-04-22 18:00:00,2590.4177,18.349377,4.788309,0.005922978,0.4519477,95.6223
2025-04-22 19:00:00,2685.1306,18.340496,4.800558,0.008045827,0.45123333,95.607735
2025-04-22 20:00:00,2807.4595,18.327602,4.8192496,0.010943658,0.4501905,95.56099
2025-04-22 21:00:00,2940.4033,18.299213,4.8411555,0.012823246,0.4493183,95.47616
2025-04-22 22:00:00,3073.7717,18.250813,4.8665204,0.012400074,0.4490192,95.34329
2025-04-22 23:00:00,3204.263,18.196075,4.898436,0.009777847,0.44935232,95.17173
2025-04-23 00:00:00,3318.3928,18.162357,4.9350176,0.0066060354,0.45003432,95.00821
2025-04-23 01:00:00,3401.952,18.166983,4.97328,0.0049561122,0.45062634,94.89453
2025-04-23 02:00:00,3450.6196,18.204853,5.0141196,0.006637853,0.45061487,94.86054
2025-04-23 03:00:00,3465.2644,18.254574,5.0571856,0.012673459,0.44956434,94.92046
2025-04-23 04:00:00,3448.3225,18.262482,5.0729575,0.018815776,0.44821784,95.01775
2025-04-23 05:00:00,3398.1465,18.204325,5.030451,0.019705221,0.4478696,95.12783
2025-04-23 06:00:00,3308.9824,18.099905,4.9344907,0.01411993,0.4489589,95.26502
2025-04-23 07:00:00,3203.832,18.024965,4.850108,0.007205088,0.4503958,95.39012
2025-04-23 08:00:00,3095.5073,18.03211,4.807094,0.0038402467,0.45125318,95.51319
2025-04-23 09:00:00,2980.647,18.113369,4.7940125,0.0044227466,0.45146605,95.6333
2025-04-23 10:00:00,2859.7517,18.236376,4.7993145,0.007706016,0.45121473,95.72496
2025-04-23 11:00:00,2725.3228,18.365437,4.813455,0.012238409,0.45067877,95.7627
2025-04-23 12:00:00,2628.5889,18.43391,4.822398,0.0150379,0.45029628,95.73775
2025-04-23 13:00:00,2548.98,18.462818,4.825006,0.016028332,0.45016947,95.68175
2025-04-23 14:00:00,2497.61,18.448446,4.816963,0.014354246,0.45047158,95.623795
2025-04-23 15:00:00,2481.5325,18.407278,4.8004127,0.010523967,0.451152,95.592186
2025-04-23 16:00:00,2495.838,18.37476,4.7877755,0.0071103023,0.45180967,95.59581
2025-04-23 17:00:00,2534.649,18.358255,4.7842884,0.005571265,0.45211133,95.6143
2025-04-23 18:00:00,2600.8394,18.348196,4.789453,0.006106205,0.4518852,95.62204
2025-04-23 19:00:00,2699.797,18.339252,4.802695,0.008414833,0.45110697,95.60357
2025-04-23 20:00:00,2824.5305,18.325026,4.821973,0.011283493,0.4500561,95.55229
2025-04-23 21:00:00,2957.7993,18.293957,4.844191,0.012913071,0.44924173,95.46176
2025-04-23 22:00:00,3091.0862,18.243525,4.8702765,0.012160844,0.4490299,95.3224
2025-04-23 23:00:00,3220.4414,18.189905,4.9030313,0.009349642,0.4494301,95.148865
2025-04-24 00:00:00,3331.194,18.160706,4.9399304,0.0062650554,0.4501264,94.989914
2025-04-24 01:00:00,3410.2727,18.170298,4.978379,0.004946691,0.45067155,94.88495
2025-04-24 02:00:00,3454.4175,18.211468,5.0198274,0.00719581,0.4505382,94.86338
2025-04-24 03:00:00,3464.7861,18.259203,5.0617313,0.013618406,0.44937384,94.932724
2025-04-24 04:00:00,3443.8586,18.258492,5.071076,0.019299436,0.448095,95.03062
2025-04-24 05:00:00,3388.582,18.192392,5.020099,0.019304158,0.44793805,95.14487
2025-04-24 06:00:00,3295.5818,18.086515,4.9213924,0.013136845,0.4491584,95.2823
2025-04-24 07:00:00,3189.9387,18.021059,4.842299,0.00652599,0.45054686,95.4059
2025-04-24 08:00:00,3080.9753,18.03898,4.8039727,0.0037102324,0.45131454,95.52941
2025-04-24 09:00:00,2965.1487,18.127966,4.793889,0.0047333636,0.45145494,95.6475
2025-04-24 10:00:00,2843.646,18.253193,4.800803,0.0082433885,0.45115912,95.73338
2025-04-24 11:00:00,2710.9238,18.37725,4.814975,0.012706613,0.45061633,95.76192
2025-04-24 12:00:00,2617.1255,18.440014,4.823175,0.01528741,0.45026153,95.731735
2025-04-24 13:00:00,2540.4473,18.463356,4.8246436,0.015974736,0.45018157,95.673615
2025-04-24 14:00:00,2493.5256,18.443865,4.8150735,0.013934485,0.45054492,95.617744
2025-04-24 15:00:00,2481.8528,18.402023,4.798318,0.010004579,0.4512479,95.59086
2025-04-24 16:00:00,2499.5222,18.371906,4.7868047,0.006794271,0.45187378,95.59799
2025-04-24 17:00:00,2541.5342,18.356766,4.784484,0.005524039,0.45211437,95.61637
2025-04-24 18:00:00,2611.7898,18.347048,4.7907324,0.0063197943,0.45181334,95.62134
2025-04-24 19:00:00,2714.8496,18.337944,4.804927,0.0087925205,0.45097628,95.59888
2025-04-24 20:00:00,2841.643,18.322168,4.824725,0.011599715,0.44992664,95.542984
2025-04-24 21:00:00,2975.0945,18.28838,4.847272,0.01296044,0.44917628,95.4466
2025-04-24 22:00:00,3108.266,18.236206,4.8741393,0.011886028,0.44905138,95.300995
2025-04-24 23:00:00,3236.21,18.184206,4.9076676,0.008919148,0.44951263,95.12643
2025-04-25 00:00:00,3343.3728,18.159758,4.944837,0.0059564654,0.45021555,94.97264
2025-04-25 01:00:00,3417.9524,18.174135,4.9834905,0.0049968027,0.4507053,94.87684
2025-04-25 02:00:00,3457.623,18.218237,5.025579,0.007832548,0.45044208,94.867905
2025-04-25 03:00:00,3463.7903,18.262886,5.065669,0.014541646,0.44918263,94.945244
2025-04-25 04:00:00,3438.87,18.25342,5.0681696,0.01968063,0.44799274,95.04362
2025-04-25 05:00:00,3378.3545,18.179714,5.008853,0.018787822,0.44803268,95.162346
2025-04-25 06:00:00,3282.1104,18.073992,4.908839,0.012158173,0.4493578,95.29907
2025-04-25 07:00:00,3176.09,18.018652,4.835257,0.0059211412,0.4506855,95.42164
2025-04-25 08:00:00,3066.4084,18.047028,4.801338,0.0036469547,0.45136485,95.54547
2025-04-25 09:00:00,2949.6501,18.143099,4.7940536,0.0050845523,0.4514365,95.661064
2025-04-25 10:00:00,2827.388,18.269949,4.802409,0.008795311,0.4510995,95.74085
2025-04-25 11:00:00,2697.7632,18.387619,4.8163195,0.013125039,0.4505599,95.760284
2025-04-25 12:00:00,2605.996,18.445427,4.823839,0.015504195,0.45023152,95.72526
2025-04-25 13:00:00,2532.4756,18.463142,4.824087,0.015873702,0.4502013,95.66558
2025-04-25 14:00:00,2490.0781,18.438894,4.813053,0.013481498,0.4506241,95.61224
2025-04-25 15:00:00,2482.659,18.39707,4.7963448,0.009503985,0.45134163,95.59016
2025-04-25 16:00:00,2503.5735,18.369331,4.785997,0.006513802,0.45193094,95.60035
2025-04-25 17:00:00,2548.842,18.355362,4.784818,0.0055118506,0.45210826,95.61817
2025-04-25 18:00:00,2623.2358,18.34592,4.792137,0.00656129,0.4517326,95.62018
2025-04-25 19:00:00,2730.209,18.336548,4.8072405,0.009173976,0.4508427,95.593666
2025-04-25 20:00:00,2858.7253,18.319017,4.8274965,0.011888461,0.44980344,95.53309
2025-04-25 21:00:00,2992.2559,18.28251,4.8504004,0.0129649,0.4491222,95.430695
2025-04-25 22:00:00,3125.2583,18.228933,4.878097,0.01157968,0.44908294,95.279205
2025-04-25 23:00:00,3251.5073,18.179035,4.912326,0.008492016,0.44959864,95.10452
2025-04-26 00:00:00,3354.905,18.159492,4.9497266,0.0056838673,0.45030057,94.956474
2025-04-26 01:00:00,3424.9912,18.178446,4.988618,0.005109644,0.4507264,94.87024
2025-04-26 02:00:00,3460.2454,18.225046,5.0313306,0.008541604,0.4503273,94.874
2025-04-26 03:00:00,3462.2947,18.265518,5.068906,0.015426153,0.44899467,94.95784
2025-04-26 04:00:00,3433.3462,18.24732,5.0642333,0.01995516,0.44791275,95.056885
2025-04-26 05:00:00,3367.531,18.166454,4.9968796,0.018166564,0.44815117,95.18011
2025-04-26 06:00:00,3268.6401,18.062529,4.8969617,0.011201301,0.44955376,95.31536
2025-04-26 07:00:00,3162.2974,18.017706,4.828948,0.005391735,0.4508115,95.43735
2025-04-26 08:00:00,3051.8276,18.056164,4.799158,0.0036468832,0.4514045,95.561295
2025-04-26 09:00:00,2934.1917,18.158627,4.794477,0.005471017,0.45141146,95.67392
2025-04-26 10:00:00,2810.796,18.286722,4.8041286,0.009363548,0.45103568,95.74738
2025-04-26 11:00:00,2685.2595,18.397047,4.817553,0.013510644,0.4505074,95.757935
2025-04-26 12:00:00,2595.2368,18.45013,4.824381,0.015686277,0.45020664,95.718376
2025-04-26 13:00:00,2525.0828,18.4622,4.823335,0.015725154,0.45022887,95.657715
2025-04-26 14:00:00,2487.2505,18.43364,4.810936,0.013002037,0.45070818,95.607315
2025-04-26 15:00:00,2483.9236,18.392447,4.79451,0.0090263365,0.45143235,95.590034
2025-04-26 16:00:00,2507.9878,18.367004,4.7853475,0.006268705,0.4519808,95.602806
2025-04-26 17:00:00,2556.5876,18.35403,4.7852907,0.0055341995,0.4520928,95.6197
2025-04-26 18:00:00,2635.1772,18.34481,4.7936664,0.006828903,0.4516433,95.61854
2025-04-26 19:00:00,2745.8447,18.335028,4.809625,0.009555433,0.45070714,95.58793
2025-04-26 20:00:00,2875.7703,18.315546,4.830286,0.01214732,0.44968715,95.522575
2025-04-26 21:00:00,3009.3118,18.276365,4.8535886,0.012926619,0.4490795,95.41401
2025-04-26 22:00:00,3142.0645,18.221743,4.882151,0.01124514,0.4491238,95.25711
2025-04-26 23:00:00,3266.3296,18.174417,4.9170036,0.0080721835,0.44968724,95.083206
2025-04-27 00:00:00,3365.8127,18.159887,4.9546065,0.0054496224,0.45038077,94.941414
2025-04-27 01:00:00,3431.4172,18.183197,4.99378,0.005288315,0.45073372,94.86518
2025-04-27 02:00:00,3462.3062,18.231798,5.03704,0.0093161315,0.45019495,94.88155
2025-04-27 03:00:00,3460.3115,18.267048,5.071379,0.016260238,0.44881272,94.9704
2025-04-27 04:00:00,3427.2532,18.24022,5.059251,0.020120498,0.447856,95.070526
2025-04-27 05:00:00,3356.1602,18.152758,4.984335,0.01745157,0.44829082,95.198006
2025-04-27 06:00:00,3255.1787,18.052233,4.8858047,0.010277582,0.44974422,95.33126
2025-04-27 07:00:00,3148.5183,18.018167,4.8233104,0.004935934,0.45092523,95.45306
2025-04-27 08:00:00,3037.201,18.066322,4.7973967,0.0037063686,0.45143422,95.57686
2025-04-27 09:00:00,2918.7546,18.174467,4.7951317,0.0058887033,0.45138034,95.686035
2025-04-27 10:00:00,2793.4722,18.303787,4.8059874,0.009956923,0.45096657,95.75302
2025-04-27 11:00:00,2673.0962,18.4058,4.818705,0.013871708,0.45045787,95.75492
2025-04-27 12:00:00,2584.849,18.454132,4.824793,0.015832366,0.45018718,95.71118
2025-04-27 13:00:00,2518.2622,18.460558,4.8223834,0.015528763,0.45026442,95.65007
2025-04-27 14:00:00,2485.0151,18.428188,4.8087525,0.012501776,0.45079634,95.60298
2025-04-27 15:00:00,2485.6267,18.388153,4.7928185,0.0085735405,0.45151952,95.59045
2025-04-27 16:00:00,2512.7783,18.364887,4.7848506,0.0060583586,0.45202315,95.6053
2025-04-27 17:00:00,2564.8098,18.35275,4.7858996,0.0055906083,0.45206788,95.620895
2025-04-27 18:00:00,2647.6462,18.343699,4.795319,0.0071212025,0.45154557,95.61641
2025-04-27 19:00:00,2761.7732,18.333355,4.8120823,0.009934241,0.45057023,95.58163
2025-04-27 20:00:00,2892.8245,18.311739,4.8331046,0.012374649,0.4495781,95.51136
2025-04-27 21:00:00,3026.3384,18.26994,4.856859,0.01284569,0.44904804,95.396484
2025-04-27 22:00:00,3158.7295,18.214676,4.886311,0.010884935,0.44917345,95.23473
2025-04-27 23:00:00,3280.7153,18.170372,4.9217134,0.0076622725,0.44977796,95.06248
2025-04-28 00:00:00,3376.144,18.16092,4.959501,0.0052557103,0.45045543,94.92742
2025-04-28 01:00:00,3437.2678,18.188383,4.999015,0.0055374913,0.45072606,94.86168
2025-04-28 02:00:00,3463.8247,18.238377,5.0426664,0.010149262,0.45004612,94.89041
2025-04-28 03:00:00,3457.8384,18.267445,5.073039,0.017036198,0.44863883,94.98293
2025-04-28 04:00:00,3420.531,18.232117,5.0531845,0.020173972,0.44782352,95.084724
2025-04-28 05:00:00,3344.267,18.138758,4.9713545,0.016653406,0.44844908,95.215935
2025-04-28 06:00:00,3241.6816,18.043163,4.8753614,0.009393696,0.4499282,95.34693
2025-04-28 07:00:00,3134.6729,18.020004,4.8182735,0.0045507574,0.4510274,95.468834
2025-04-28 08:00:00,3022.4578,18.077482,4.7960186,0.003822549,0.45145464,95.592186
2025-04-28 09:00:00,2903.273,18.190592,4.7959943,0.006335465,0.45134357,95.6974
2025-04-28 10:00:00,2774.946,18.32144,4.8080173,0.010586387,0.45089048,95.757675
2025-04-28 11:00:00,2661.1145,18.413998,4.8197875,0.014211806,0.450411,95.75124
2025-04-28 12:00:00,2574.8132,18.457436,4.8250685,0.0159412,0.45017356,95.70367
2025-04-28 13:00:00,2511.9966,18.458227,4.821226,0.015283665,0.45030817,95.64266
2025-04-28 14:00:00,2483.3447,18.422611,4.806527,0.011985346,0.45088798,95.59926
2025-04-28 15:00:00,2487.76,18.384174,4.791272,0.0081461705,0.45160297,95.591324
2025-04-28 16:00:00,2517.9783,18.36294,4.7845006,0.005881906,0.45205778,95.6078
2025-04-28 17:00:00,2573.5737,18.351505,4.786648,0.005681172,0.45203316,95.62175
2025-04-28 18:00:00,2660.7046,18.342567,4.797103,0.0074376157,0.45143932,95.61374
2025-04-28 19:00:00,2778.0469,18.331482,4.814615,0.010308422,0.4504323,95.57472
2025-04-28 20:00:00,2909.9744,18.307545,4.8359704,0.012569109,0.4494765,95.49935
2025-04-28 21:00:00,3043.443,18.263224,4.860244,0.012721734,0.4490277,95.37803
2025-04-28 22:00:00,3175.3232,18.20774,4.8905983,0.010500689,0.44923154,95.21205
2025-04-28 23:00:00,3294.7249,18.166912,4.926483,0.007264216,0.44987032,95.042274
2025-04-29 00:00:00,3385.9573,18.162577,4.964443,0.005104611,0.45052406,94.91449
2025-04-29 01:00:00,3442.5818,18.194002,5.0043693,0.0058633257,0.45070195,94.85979
2025-04-29 02:00:00,3464.814,18.244678,5.048159,0.011034246,0.4498821,94.90046
2025-04-29 03:00:00,3454.856,18.266682,5.0738363,0.017748162,0.44847476,94.99548
2025-04-29 04:00:00,3413.0962,18.222965,5.045972,0.02011129,0.44781643,95.09965
2025-04-29 05:00:00,3331.855,18.124578,4.9580564,0.015781969,0.44862354,95.23387
2025-04-29 06:00:00,3228.071,18.035362,4.865597,0.008553553,0.45010513,95.36253
2025-04-29 07:00:00,3120.655,18.023203,4.813776,0.0042335805,0.45111874,95.48478
2025-04-29 08:00:00,3007.5007,18.089655,4.7949953,0.003993826,0.45146623,95.60733
2025-04-29 09:00:00,2887.6484,18.207006,4.797049,0.0068104183,0.4513013,95.70808
2025-04-29 10:00:00,2755.6074,18.33916,4.8101544,0.011235599,0.45080924,95.76099
2025-04-29 11:00:00,2649.223,18.421696,4.8208027,0.014531748,0.4503667,95.746925
2025-04-29 12:00:00,2565.1072,18.460035,4.8251944,0.016010728,0.45016608,95.695885
2025-04-29 13:00:00,2506.273,18.455223,4.8198576,0.014988789,0.4503603,95.63551
2025-04-29 14:00:00,2482.2195,18.416983,4.804283,0.011457084,0.45098254,95.59612
2025-04-29 15:00:00,2490.3245,18.380493,4.7898693,0.007744703,0.45168236,95.592636
2025-04-29 16:00:00,2523.628,18.361134,4.7842956,0.0057390356,0.45208457,95.61025
2025-04-29 17:00:00,2582.944,18.350283,4.7875395,0.005806249,0.45198828,95.62221
2025-04-29 18:00:00,2674.403,18.341402,4.799023,0.0077770217,0.4513247,95.61053
2025-04-29 19:00:00,2794.7002,18.329367,4.8172307,0.010675234,0.45029402,95.56715
2025-04-29 20:00:00,2927.283,18.302942,4.8389025,0.012728389,0.44938284,95.48646
2025-04-29 21:00:00,3060.6985,18.256227,4.863769,0.012554345,0.44901854,95.358574
2025-04-29 22:00:00,3191.8743,18.200985,4.8950233,0.010094689,0.4492977,95.189095
2025-04-29 23:00:00,3308.381,18.164064,4.9313273,0.0068811616,0.44996387,95.0226
2025-04-30 00:00:00,3395.2793,18.164856,4.9694586,0.0050004045,0.4505856,94.90265
2025-04-30 01:00:00,3447.3718,18.200048,5.009876,0.0062725446,0.4506596,94.85956
2025-04-30 02:00:00,3465.273,18.250551,5.0534363,0.011960373,0.4497046,94.91156
2025-04-30 03:00:00,3451.336,18.264734,5.073706,0.018388383,0.4483226,95.00813
2025-04-30 04:00:00,3404.871,18.212729,5.0375614,0.019926777,0.44783628,95.11541
2025-04-30 05:00:00,3318.953,18.110405,4.944593,0.014849856,0.44881132,95.251724
2025-04-30 06:00:00,3214.2944,18.028896,4.8564982,0.007762544,0.4502744,95.378235
2025-04-30 07:00:00,3106.3933,18.027775,4.8097787,0.0039835223,0.45119944,95.50093
2025-04-30 08:00:00,2992.27,18.102839,4.794311,0.004219127,0.45146927,95.62226
2025-04-30 09:00:00,2871.8108,18.223694,4.798281,0.007312491,0.45125377,95.71801
2025-04-30 10:00:00,2737.4646,18.35512,4.8121443,0.011838468,0.45073143,95.76256
2025-04-30 11:00:00,2637.4019,18.428877,4.8217454,0.014830011,0.45032525,95.741936
2025-04-30 12:00:00,2555.7512,18.461906,4.825155,0.0160378,0.45016533,95.687874
2025-04-30 13:00:00,2501.1074,18.451576,4.8182807,0.014644303,0.45042083,95.62868
2025-04-30 14:00:00,2481.6292,18.411394,4.802055,0.010923671,0.451079,95.59364
2025-04-30 15:00:00,2493.3145,18.37711,4.7886157,0.0073711895,0.451757,95.59433
2025-04-30 16:00:00,2529.7422,18.359451,4.7842364,0.005630249,0.45210314,95.61261
2025-04-30 17:00:00,2592.931,18.349083,4.7885776,0.005965147,0.4519332,95.62227
2025-04-30 18:00:00,2688.6985,18.340195,4.801074,0.008135533,0.4512027,95.60676
2025-04-30 19:00:00,2811.651,18.326994,4.8199162,0.0110291885,0.45015708,95.5589
2025-04-30 20:00:00,2944.69,18.297953,4.841898,0.012849197,0.44929844,95.47269
2025-04-30 21:00:00,3078.0405,18.249023,4.8674335,0.0123447385,0.44902077,95.3382
2025-04-30 22:00:00,3208.2769,18.194519,4.8995624,0.00967302,0.44937098,95.16608
2025-04-30 23:00:00,3321.5981,18.161886,4.9362264,0.0065193595,0.45005718,95.00362
